<?xml version="1.0" encoding="UTF-8"?>
<Configuration status="INFO">
    <Appenders>
        # Console appender
        <Console name="stdout" target="SYSTEM_OUT">
            # Pattern of log message for console appender
            <PatternLayout pattern="%d{yyyy-MM-dd HH:mm:ss} %p %m%n"/>
        </Console>

        # File appender
        <File name="fout" fileName="log4j/log4j2-example.log"
            immediateFlush="false" append="false">
            # Pattern of log message for file appender
            <PatternLayout pattern="%d{yyyy-MM-dd HH:mm:ss} %p %m%n"/>
        </File>

        # Rolling appender
        <RollingFile name="roll-by-size"
            fileName="log4j/roll-by-size/app.log" filePattern="log4j/roll-by-size/app.%i.log"
            ignoreExceptions="false">
            <PatternLayout>
                <Pattern>%d{yyyy-MM-dd HH:mm:ss} %p %m%n</Pattern>
            </PatternLayout>
            <Policies>
                <OnStartupTriggeringPolicy/>
                <SizeBasedTriggeringPolicy
                    size="5 KB"/>
            </Policies>
        </RollingFile>

        <RollingFile name="roll-by-time"
            fileName="log4j/roll-by-time/app.log"
            filePattern="log4j/roll-by-time/app.%d{MM-dd-yyyy-HH-mm}.log.gz"
            ignoreExceptions="false">
            <PatternLayout>
                <Pattern>%d{yyyy-MM-dd HH:mm:ss} %p %m%n</Pattern>
            </PatternLayout>
            <TimeBasedTriggeringPolicy/>
        </RollingFile>

        <RollingFile name="roll-by-time-and-size"
            fileName="log4j/roll-by-time-and-size/app.log"
            filePattern="log4j/roll-by-time-and-size/app.%d{MM-dd-yyyy-HH-mm}.%i.log.gz"
            ignoreExceptions="false">
            <PatternLayout>
                <Pattern>%d{yyyy-MM-dd HH:mm:ss} %p %m%n</Pattern>
            </PatternLayout>
            <Policies>
                <OnStartupTriggeringPolicy/>
                <SizeBasedTriggeringPolicy
                    size="5 KB"/>
                <TimeBasedTriggeringPolicy/>
            </Policies>
            <DefaultRolloverStrategy>
                <Delete basePath="${baseDir}" maxDepth="2">
                    <IfFileName
                        glob="log4j/roll-by-time-and-size/app.*.log.gz"/>
                    <IfLastModified age="20s"/>
                </Delete>
            </DefaultRolloverStrategy>
        </RollingFile>
    </Appenders>

    <Loggers>
        # Override log level for specified package
        <Logger name="com.itbulls.learnit.onlinestore.core.logging.log4j" level="TRACE"/>

        <Logger name="com.itbulls.learnit.onlinestore.core.logging.log4j.Log4J2RollingDemo"
            level="TRACE">
            <AppenderRef ref="roll-by-size"/>
            <AppenderRef ref="roll-by-time"/>
            <AppenderRef ref="roll-by-time-and-size"/>
        </Logger>

        <AsyncRoot level="DEBUG">
            <AppenderRef ref="stdout"/>
            <AppenderRef ref="fout"/>
        </AsyncRoot>
    </Loggers>
</Configuration>