<configuration>
  # Console appender
  <appender name="stdout" class="ch.qos.logback.core.ConsoleAppender">
    <layout class="ch.qos.logback.classic.PatternLayout">
      # Pattern of log message for console appender
      <Pattern>%d{yyyy-MM-dd HH:mm:ss} %-5p %m%n</Pattern>
    </layout>
  </appender>

  # File appender
  <appender name="fout" class="ch.qos.logback.core.FileAppender">
    <file>logback/logback-demo.log</file>
    <append>false</append>
    <encoder>
      # Pattern of log message for file appender
      <pattern>%d{yyyy-MM-dd HH:mm:ss} %-5p %m%n</pattern>
    </encoder>
  </appender>

  # Override log level for specified package
  <logger name="com.itbulls.learnit.onlinestore.core.logging.logback" level="TRACE"/>

  <root level="INFO">
    <appender-ref ref="stdout" />
    <appender-ref ref="fout" />
  </root>
</configuration>